feature,vif
carat,70.13280167673018
depth,515.1462834020391
table,500.5953446093966
x,1284.9498601337687
y,530.9982203082182
z,540.6773971281762
